date,cpu,Memory,Network,Disk,NumUsers,Noconnections,Result,Link1,Link2,Link3,id
20170614 01:00,3.8,6.3,8,9,6,5,slow,Restart,Raise_Alarm,None,1
20170618 02:00,8.1,8.2,6.4,8.2,9,8,pass,Restart,Raise_Alarm,None,2
2017-09-19T07:47:48.057Z,6.3,5.4,3.7,7.4,8,9,fail,Restart,Raise_Alarm,None,3
2017-09-19T08:30:48.057Z,7.1,6.3,2.8,4,8,5,fail,Restart,Raise_Alarm,None,4
2017-09-19T09:30:48.057Z,5.4,6.3,9,6.1,5,9,fail,None,None,None,5
2017-09-19T10:30:48.057Z,4.9,5.4,2.8,3.3,2,5,fail,None,None,None,6
