[
  {
    "date": "20170622 03:00 PM",
    "cpu": "6.3",
    "Memory": "5.4",
    "Network": "3.7",
    "Disk": "7.4",
    "NumUsers": "8",
    "Noconnections": "9",
    "Result": "Fail",
    "Link1": "Restart",
    "Link2": "Raise_Alarm",
    "Link3": "None",
    "id": "3"
  },
  {
    "date": "20170626 04:00 PM",
    "cpu": "7.1",
    "Memory": "6.3",
    "Network": "2.8",
    "Disk": "4",
    "NumUsers": "8",
    "Noconnections": "5",
    "Result": "Fail",
    "Link1": "Restart",
    "Link2": "Raise_Alarm",
    "Link3": "None",
    "id": "4"
  },
  {
    "date": "20170906 05:00 AM",
    "cpu": "2.2",
    "Memory": "5.5",
    "Network": "4.7",
    "Disk": "8.1",
    "NumUsers": "8",
    "Noconnections": "1",
    "Result": "Pass",
    "Link1": "None",
    "Link2": "None",
    "Link3": "None",
    "id": "16"
  }{
    "date": "20170912 07:00 AM",
    "cpu": "1.2",
    "Memory": "9",
    "Network": "6.5",
    "Disk": "9",
    "NumUsers": "6",
    "Noconnections": "8",
    "Result": "Pass",
    "Link1": "None",
    "Link2": "None",
    "Link3": "None",
    "id": "18"
  }
]